{"map": [[208.13671875, 326.95703125], [346.26171875, 214.24609375], [198.94140625, 112.56640625], [343.76171875, 216.24609375], [201.6796875, 108.8046875], [455.75, 335.26953125], [508.6015625, 179.5703125], [579.91015625, 316.19921875], [613.49609375, 401.171875], [647.94921875, 280.15625], [688.11328125, 444.89453125], [767.07421875, 383.8671875], [764.109375, 442.5546875], [770.5703125, 502.81640625], [802.24609375, 454.66796875], [830.7734375, 493.53515625], [795.296875, 367.26171875], [157.84765625, 71.4140625], [289.6328125, 179.08984375], [287.44921875, 193.94140625], [212.29296875, 144.10546875], [167.9296875, 105.5078125], [174.359375, 92.0703125], [192.80859375, 91.234375], [179.984375, 74.54296875], [320.7890625, 284.48828125]], "start": [200.0, 110.0], "target": [800.0, 440.0]}