{"map": [[552.7578125, 423.93359375], [553.0, 475.5078125], [110.18359375, 469.84375], [94.05078125, 40.203125], [913.703125, 47.6328125], [898.97265625, 466.484375], [782.921875, 467.3828125], [782.23046875, 415.70703125], [789.515625, 122.25390625], [279.25, 112.015625], [177.69921875, 405.55078125]], "start": [140.73828125, 431.6953125], "target": [800.0, 440.0]}