{"map": [[100.2734375, 43.76953125], [281.7890625, 78.76953125], [167.1953125, 206.6015625], [177.53515625, 240.55859375], [316.16015625, 119.15625], [287.79296875, 223.16796875], [309.12890625, 297.01953125], [435.36328125, 234.15234375], [424.5859375, 410.1796875], [551.6796875, 332.60546875], [593.2265625, 486.3125], [704.46484375, 352.8046875], [786.5234375, 464.4609375], [796.15234375, 372.671875], [853.73046875, 527.2578125], [847.75390625, 541.6484375], [833.40625, 546.453125], [779.68359375, 544.5625]], "start": [200.0, 110.0], "target": [800.0, 440.0]}