{"map": [[477.934387207031, 486.670593261719], [470.583862304688, 522.772888183594], [493.659606933594, 522.772888183594], [493.250244140625, 491.664978027344], [546.50537109375, 474.596252441406], [548.583557128906, 458.716003417969], [601.180847167969, 438.181091308594], [592.329772949219, 429.953552246094], [646.983459472656, 402.379760742187], [643.937072753906, 392.73583984375], [695.331481933594, 351.953521728516], [679.245422363281, 343.175903320313], [703.227844238281, 286.380615234375], [690.009704589844, 282.65185546875], [711.264465332031, 220.220977783203], [695.885864257813, 220.220977783203], [697.694458007812, 161.740753173828], [679.653381347656, 164.334106445313], [679.653381347656, 121.392059326172], [662.989807128906, 122.328369140625], [660.47802734375, 65.4882202148437], [645.7333984375, 72.729736328125], [635.223693847656, 29.6369323730469], [617.4150390625, 39.7131958007812], [571.140014648438, 19.8506164550781], [542.801025390625, 30.7981567382812], [459.65771484375, 21.199462890625], [450.3564453125, 38.8352661132812], [365.536193847656, 30.5646667480469], [360.023681640625, 50.3983306884766], [285.686096191406, 46.0090942382813], [283.878723144531, 72.4470672607422], [239.951843261719, 84.5853424072266], [246.226989746094, 118.369934082031], [209.868835449219, 139.119781494141], [233.436218261719, 154.924926757813], [224.253173828125, 194.385528564453], [246.638244628906, 193.617095947266], [232.356079101563, 251.427825927734], [259.847106933594, 242.929962158203], [231.467529296875, 322.989471435547], [263.233154296875, 306.578216552734], [257.242797851563, 353.010406494141], [289.402648925781, 344.314910888672], [287.167358398438, 392.824523925781], [322.337463378906, 392.261352539062], [321.593811035156, 442.106262207031], [348.686401367187, 436.655395507812], [363.593200683594, 473.108520507813], [449.341918945312, 472.180297851563], [456.367065429687, 491.234619140625]], "start": [299.501220703125, 117.718078613281], "target": [630.367248535156, 358.742431640625]}