{"map": [[50.3030395507813, 337.431793212891], [53.8435974121094, 282.440856933594], [53.4256286621094, 217.127288818359], [61.9057312011719, 144.991058349609], [88.3463439941406, 146.563690185547], [87.6255493164063, 190.269165039063], [97.0349426269531, 242.776123046875], [112.869140625, 325.678161621094], [126.232208251953, 365.38818359375], [157.442657470703, 312.880187988281], [175.405120849609, 217.713684082031], [236.09716796875, 119.966918945313], [278.957702636719, 82.0743103027344], [359.732727050781, 88.0167083740234], [340.729370117187, 150.919494628906], [300.7861328125, 230.536865234375], [288.996643066406, 316.361541748047], [314.864135742187, 363.37890625], [354.240905761719, 358.513916015625], [415.103637695313, 247.146850585938], [459.811950683594, 186.086242675781], [504.300720214844, 214.151733398438], [462.238952636719, 334.122650146484], [443.30126953125, 428.491271972656], [569.291137695313, 386.377075195312], [621.423583984375, 353.535797119141], [637.703308105469, 238.913940429688], [580.634521484375, 124.140350341797], [613.947326660156, 74.7010345458984], [671.278686523438, 151.014312744141], [690.720825195312, 261.511688232422], [682.17333984375, 339.418670654297], [654.294799804688, 419.4775390625], [563.215454101563, 445.325927734375], [541.2265625, 534.351623535156], [501.683227539062, 508.606201171875], [528.667053222656, 460.855346679687], [530.60302734375, 426.042175292969], [499.22802734375, 439.033752441406], [449.545471191406, 479.85400390625], [410.043884277344, 478.22802734375], [414.436828613281, 406.247985839844], [431.603881835937, 343.300811767578], [460.409301757813, 279.169036865234], [438.584899902344, 274.486572265625], [412.492248535156, 315.020141601563], [398.256713867187, 364.629028320312], [372.841369628906, 410.960083007812], [338.933166503906, 448.283508300781], [269.283081054687, 485.306396484375], [195.789306640625, 471.838317871094], [192.531616210938, 435.095886230469], [239.580139160156, 386.271545410156], [233.402709960937, 340.65478515625], [194.35546875, 340.936340332031], [177.467651367187, 357.3447265625], [159.043914794922, 399.240356445313], [114.475708007813, 427.0166015625], [79.5082702636719, 470.972045898437], [44.538818359375, 505.188659667969], [38.3072204589844, 423.990112304687]], "start": [157.015197753906, 349.128784179688], "target": [528.755615234375, 497.039245605469]}