{"map": [[164.297546386719, 449.832153320313], [202.059265136719, 104.809020996094], [294.740234375, 50.03125], [438.265014648437, 35.5974426269531], [549.7529296875, 32.0536041259766], [581.244506835938, 50.3522033691406], [609.6611328125, 76.9559936523437], [625.974975585938, 109.394592285156], [647.360229492188, 183.272277832031], [649.353393554687, 224.579284667969], [644.799438476563, 284.27880859375], [585.391967773437, 297.237243652344], [552.070556640625, 227.031555175781], [542.035766601562, 187.035217285156], [534.469970703125, 141.031951904297], [520.217895507813, 123.010986328125], [515.22998046875, 110.72021484375], [476.118286132813, 101.115478515625], [476.118286132813, 101.115478515625], [412.905395507812, 100.273620605469], [370.90087890625, 103.728454589844], [335.9892578125, 114.141723632812], [323.475708007813, 115.972961425781], [304.627807617188, 132.235992431641], [290.949829101563, 161.511840820312], [291.05126953125, 181.551483154297], [289.200561523438, 236.942993164062], [287.490112304687, 301.826965332031], [287.591552734375, 368.892944335937], [273.0625, 410.640563964844], [255.070678710937, 443.613403320312], [208.373840332031, 487.563415527344], [141.637390136719, 510.775268554687], [154.941589355469, 454.376953125], [114.180786132813, 464.643188476562], [131.256042480469, 517.485595703125]], "start": [140.692749023437, 479.68994140625], "target": [551.338012695313, 198.096038818359]}