{"map": [[1242.79748535156, 33.4484252929688], [1248.76257324219, 715.968322753906], [238.155364990234, 707.55078125], [244.90576171875, 54.0487670898438], [314.108978271484, 56.2265625], [293.321472167969, 650.496215820313], [505.609802246094, 641.933227539062], [499.369689941406, 59.2605895996094], [749.512634277344, 53.5009765625], [725.85546875, 635.242980957031], [794.884948730469, 632.976440429688], [793.788391113281, 59.26611328125], [857.106140136719, 57.1076049804688], [862.71923828125, 633.42626953125], [1040.0048828125, 628.396606445313], [1042.77197265625, 57.40478515625]], "start": [278.50732421875, 75.5690612792969], "target": [1158.44091796875, 75.5329895019531]}