{"map": [[250.396850585937, 60.9649353027344], [243.5986328125, 709.55810546875], [1249.29602050781, 717.729736328125], [1238.974609375, 19.9363403320313]], "start": [288.913299560547, 84.358642578125], "target": [1177.99951171875, 66.5019226074219]}