{"map": [[132.470458984375, 45.5456085205078], [270.570068359375, 46.7057495117187], [283.336486816406, 349.483581542969], [382.669677734375, 412.057678222656], [485.666320800781, 402.077209472656], [541.031005859375, 319.114013671875], [571.023071289062, 56.3420715332031], [730.347412109375, 56.9305267333984], [726.687377929688, 395.866455078125], [630.799194335937, 515.0087890625], [440.982177734375, 530.319152832031], [235.397888183594, 520.325927734375], [135.599731445312, 396.297729492187]], "start": [200.0, 110.0], "target": [661.091430664063, 113.026214599609]}