{
    "map": [
        [
            200,
            40
        ],
        [
            700,
            40
        ],
        [
            700,
            500
        ],
        [
            200,
            500
        ]
    ],
    "start": [
        430,
        270
    ],
    "target": [
        450.50609665441,
        290.50609665441
    ]
}