{"map": [[264.353271484375, 523.433776855469], [81.6725616455078, 519.592346191406], [77.5686950683594, 593.11962890625], [194.959518432617, 593.598205566406], [190.069976806641, 735.921875], [561.578857421875, 722.385498046875], [566.80419921875, 71.3595428466797], [129.277770996094, 50.3161773681641], [146.804107666016, 153.204849243164], [460.125366210938, 154.949203491211], [472.202575683594, 605.53759765625], [268.903533935547, 606.612670898437]], "start": [216.53303527832, 679.15966796875], "target": [216.486053466797, 137.731384277344]}