{"map": [[143.20703125, 468.91796875], [118.2734375, 48.3515625], [861.953125, 47.375], [879.6640625, 492.4453125], [674.26953125, 466.43359375], [656.125, 158.05078125], [323.8046875, 146.19140625], [333.42578125, 455.08984375]], "start": [219.52734375, 397.5390625], "target": [800.0, 440.0]}