{"map": [[334.66796875, 344.74609375], [263.45703125, 285.0859375], [263.4765625, 193.5], [266.46875, 105.1484375], [309.36328125, 55.88671875], [381.83984375, 39.8203125], [461.04296875, 28.66796875], [535.1015625, 32.24609375], [581.859375, 47.31640625], [600.19140625, 86.0], [608.78515625, 118.5625], [616.55859375, 154.54296875], [623.1640625, 181.53515625], [630.67578125, 218.578125], [640.01953125, 295.7265625], [630.375, 308.32421875], [614.71875, 296.51953125], [610.5078125, 281.07421875], [610.55078125, 266.13671875], [612.30078125, 255.40625], [615.61328125, 248.3828125], [615.61328125, 234.49609375], [600.55859375, 180.09765625], [575.77734375, 87.9609375], [543.8515625, 69.0703125], [410.6640625, 131.69921875]], "start": [331.83203125, 299.75], "target": [623.52734375, 296.83984375]}