{"map": [[260.46484375, 535.40625], [105.484375, 361.546875], [145.34375, 47.3671875], [401.515625, 22.42578125], [633.6640625, 22.125], [864.9921875, 125.07421875], [870.28515625, 253.91015625], [734.25390625, 106.6484375], [602.34375, 63.125], [540.48046875, 84.40234375], [553.40625, 382.10546875], [479.74609375, 377.0234375], [469.48046875, 85.96484375], [377.70703125, 71.0078125], [203.84375, 152.20703125], [336.80078125, 528.3359375]], "start": [205.63671875, 350.66015625], "target": [848.578125, 127.609375]}