{"map": [[440.19921875, 291.5], [429.4140625, 278.74609375], [304.2265625, 281.46484375], [263.3828125, 228.00390625], [292.6640625, 175.8515625], [273.7421875, 118.0859375], [523.015625, 95.98828125], [565.7421875, 164.80078125], [511.41796875, 273.08984375], [445.0078125, 283.6875], [444.1953125, 304.3359375], [680.94140625, 331.41796875], [658.98046875, 157.30859375], [583.43359375, 48.6796875], [390.953125, 38.43359375], [231.34375, 60.33984375], [174.26171875, 255.84765625], [229.50390625, 353.1796875], [406.59375, 339.125]], "start": [431.078125, 291.0859375], "target": [448.21484375, 291.33984375]}