{"map": [[233.697143554688, 180.988311767578], [328.126647949219, 78.5666809082031], [160.339294433594, 43.701904296875], [60.1718444824219, 185.624542236328], [149.017272949219, 416.359191894531], [326.728820800781, 483.470764160156], [645.088256835937, 492.081665039063], [910.330078125, 468.227233886719], [825.909423828125, 363.745666503906], [673.823364257813, 419.748352050781], [434.294799804688, 400.282775878906], [253.280334472656, 356.816040039062], [185.197998046875, 238.399017333984]], "start": [200.0, 110.0], "target": [800.0, 440.0]}