{"map": [[301.29296875, 386.8046875], [289.28125, 358.76171875], [80.67578125, 152.41015625], [711.46875, 81.12890625], [883.80078125, 163.68359375], [768.2421875, 477.6171875], [316.07421875, 373.59375], [310.078125, 426.02734375], [612.84765625, 530.38671875], [772.53515625, 519.0078125], [770.68359375, 471.77734375], [885.93359375, 164.7109375], [869.94921875, 25.5625], [385.3046875, 47.3203125], [53.05859375, 22.7265625], [39.19921875, 520.1484375]], "start": [287.83203125, 365.078125], "target": [868.65234375, 140.6640625]}