{"map": [[287.36328125, 128.296875], [158.59765625, 130.02734375], [158.609375, 101.3046875], [300.03515625, 47.62890625], [327.046875, 47.859375], [383.77734375, 378.11328125], [423.88671875, 380.85546875], [429.32421875, 435.7578125], [162.81640625, 432.453125], [160.75390625, 408.30078125], [342.2578125, 381.80859375], [257.69921875, 168.12109375]], "start": [200.0, 110.0], "target": [193.7265625, 414.671875]}