{"map": [[208.23046875, 66.80078125], [602.29296875, 79.265625], [607.7421875, 165.54296875], [272.44140625, 518.84765625], [221.24609375, 512.609375], [202.78125, 460.60546875], [399.76171875, 309.22265625], [197.234375, 323.33203125], [188.38671875, 275.359375], [432.28125, 269.16796875], [543.83984375, 159.00390625], [532.95703125, 126.8203125], [190.17578125, 147.89453125]], "start": [255.8125, 95.2734375], "target": [257.0859375, 481.16796875]}