{"map": [[95.80859375, 72.515625], [311.484375, 26.85546875], [291.9296875, 246.50390625], [395.02734375, 187.19921875], [401.06640625, 319.44921875], [484.14453125, 329.22265625], [501.1796875, 393.34765625], [527.53515625, 355.671875], [575.36328125, 369.10546875], [613.82421875, 308.8046875], [658.3828125, 396.5390625], [738.60546875, 144.80078125], [763.359375, 297.953125], [823.78515625, 255.19140625], [824.1796875, 290.69921875], [864.3046875, 260.25], [906.93359375, 287.87890625], [848.9453125, 321.453125], [823.87109375, 306.52734375], [801.86328125, 342.6328125], [764.640625, 312.453125], [742.0625, 449.76953125], [663.67578125, 422.1953125], [621.40625, 484.15625], [576.8671875, 406.24609375], [543.6328125, 444.0], [492.7421875, 411.79296875], [418.6875, 407.66796875], [391.390625, 336.7890625], [259.81640625, 383.4453125], [280.45703125, 266.7265625], [60.86328125, 299.12890625]], "start": [857.171875, 275.87890625], "target": [221.7578125, 126.078125]}