{"map": [[283.7578125, 251.58984375], [285.87109375, 75.453125], [700.72265625, 75.04296875], [902.91796875, 115.45703125], [923.6015625, 41.85546875], [699.83984375, 60.26953125], [510.2890625, 66.65625], [314.75, 73.60546875], [247.359375, 65.0859375], [206.7890625, 257.6171875], [639.078125, 401.00390625], [868.171875, 185.9453125], [753.8515625, 150.51953125], [595.953125, 341.0078125]], "start": [245.20703125, 228.7734375], "target": [898.63671875, 109.33203125]}