{"map": [[202.7109375, 101.53125], [200.51953125, 318.46484375], [340.53125, 607.87109375], [421.33203125, 595.546875], [596.78125, 609.89453125], [995.08203125, 625.12109375], [1072.48046875, 292.6484375], [1006.5078125, 101.95703125], [984.56640625, 609.0390625], [829.16015625, 34.4609375], [786.70703125, 143.640625], [882.4296875, 480.62890625], [938.94140625, 555.65234375], [722.8984375, 587.296875], [687.5234375, 43.265625], [617.78515625, 43.265625], [649.96875, 603.5234375], [467.7421875, 48.22265625], [414.609375, 106.1640625], [538.6484375, 564.4140625], [335.4140625, 471.68359375], [300.7265625, 311.10546875], [221.08203125, 20.42578125]], "start": [222.38671875, 46.64453125], "target": [1009.42578125, 115.703125]}