{"map": [[12.2589111328125, 533.6982421875], [16.6792602539062, 13.1291961669922], [990.903686523438, 12.7582702636719], [991.248901367188, 32.06494140625], [737.299682617187, 180.102691650391], [725.310791015625, 156.905120849609], [951.531982421875, 29.5024871826172], [43.8688354492187, 32.8447113037109], [552.835083007813, 211.836700439453], [579.352294921875, 218.552459716797], [567.257202148437, 242.381042480469], [479.345092773437, 215.576171875], [444.75048828125, 202.972503662109], [404.29443359375, 192.686248779297], [367.706298828125, 179.388946533203], [122.706359863281, 439.980712890625], [113.075439453125, 434.509582519531], [350.4287109375, 173.580078125], [45.010498046875, 54.7323913574219], [28.3665161132812, 529.64453125], [39.7753295898438, 528.500732421875], [38.4849853515625, 541.868469238281]], "start": [22.9482421875, 463.651611328125], "target": [738.663818359375, 163.829956054688]}
